{
  "miscellaneousModule": {
    "tanksChangeLights": true,
    "cursedDirtMobCap": 25,
    "cursedDirtBlacklist": [
			"adventurez:stone_golem",
			"adventurez:thrown_rock",
			"adventurez:gilded_stone",
			"adventurez:small_stone_golem",
			"adventurez:piglin_beast",
			"adventurez:nightmare",
			"adventurez:soul_reaper",
			"adventurez:necromancer",
			"adventurez:wither_puppet",
			"adventurez:skeleton_vanguard",
			"adventurez:summoner",
			"adventurez:blaze_guardian",
			"adventurez:the_eye",
			"adventurez:void_shadow",
			"adventurez:tiny_eye",
			"adventurez:red_fungus",
			"adventurez:brown_fungus",
			"adventurez:orc",
			"adventurez:dragon",
			"adventurez:mammoth",
			"adventurez:void_fragment",
			"adventurez:void_shade",
			"adventurez:void_bullet",
			"adventurez:fire_breath",
			"adventurez:blaze_guardian_shield",
			"adventurez:ender_whale",
			"adventurez:iguana",
			"adventurez:amethyst_golem",
			"adventurez:amethyst_shard",
			"adventurez:desert_rhino",
			"adventurez:void_cloud",
			"adventurez:shaman",
			"adventurez:deer",
			"adventurez:enderwarthog",
			"aqupd:caracal",
			"aqupd:grizzly_bear",
			"artifacts:mimic",
			"betterend:cubozoa",
			"betterend:dragonfly",
			"betterend:end_fish",
			"betterend:end_slime",
			"betterend:shadow_walker",
			"betterend:silk_moth",
		  	"bewitchment:owl",
  			"bewitchment:raven",
  			"bewitchment:snake",
  			"bewitchment:toad",
  			"bewitchment:ghost",
  			"bewitchment:vampire",
  			"bewitchment:werewolf",
  			"bewitchment:hellhound",
  			"bewitchment:demon",
  			"bewitchment:leonard",
  			"bewitchment:baphomet",
  			"bewitchment:lilith",
  			"bewitchment:herne",
			"capybara:capybara",
			"charm:coral_squid",
			"charm:moobloom",
  			"cspirit:jack_frost",
  			"cspirit:reindeer",
			"dml-refabricated:system_glitch",
			"ecotones:duck",
			"golemsgalore:amethyst_golem",
			"golemsgalore:anti_creeper_golem",
			"golemsgalore:diamond_golem",
			"golemsgalore:diamond_laser_golem",
			"golemsgalore:ghastly_golem",
			"golemsgalore:golden_golem",
			"golemsgalore:hay_golem",
			"golemsgalore:laser_golem",
			"golemsgalore:netherite_golem",
			"golemsgalore:obama_prism_golem",
			"golemsgalore:obsidian_golem",
			"golemsgalore:quartz_golem",
  			"goblintraders:goblin_trader",
			"goblintraders:vein_goblin_trader",
			"graveyard:skeleton_creeper",
			"graveyard:acolyte",
			"graveyard:ghoul",
			"graveyard:reaper",
			"lovely_snails:snail",
			"mtmechs:magitekarmor",
			"mtmechs:protoarmor",
			"mtmechs:tunnelarmor",
			"mtmechs:skyarmor",
			"mythicmounts:netherbat",
			"mythicmounts:courierbird",
			"mythicmounts:direwolf",
			"mythicmounts:dragon",
			"mythicmounts:griffon",
			"mythicmounts:geckotoalizard",
			"mythicmounts:ridinglizard",
			"mythicmounts:nudibranch",
			"mythicmounts:moth",
			"mythicmounts:nightmare",
			"mythicmounts:acencia",
			"mythicmounts:archelon", 
			"outvoted:barnacle",
			"outvoted:glutton",
			"outvoted:meerkat",
			"outvoted:ostrich",
			"outvoted:wildfire",
			"promenade:duck",
			"promenade:sunken_skeleton",
			"ratsmischief:rat",
			"terrarianslimes:baby_slime",
			"terrarianslimes:black_slime",
			"terrarianslimes:blue_slime",
			"terrarianslimes:corrupt_slime",
			"terrarianslimes:crimslime",
			"terrarianslimes:green_slime",
			"terrarianslimes:ice_slime",
			"terrarianslimes:illuminant_slime",
			"terrarianslimes:jungle_slime",
			"terrarianslimes:king_slime",
			"terrarianslimes:lava_slime",
			"terrarianslimes:mother_slime",
			"terrarianslimes:pinky",
			"terrarianslimes:purple_slime",
			"terrarianslimes:rainbow_slime",
			"terrarianslimes:red_slime",
			"terrarianslimes:sand_slime",
			"terrarianslimes:spiked_ice_slime",
			"terrarianslimes:spiked_jungle_slime",
			"terrarianslimes:spiked_slime",
			"terrarianslimes:umbrella_slime",
			"terrarianslimes:yellow_slime",
			"untitledduckmod:duck",
			"untitledduckmod:goose",
			"vanilla_degus:degu"
	]
  },
  "chunkLoaderModule": {
    "checkForPlayer": false,
    "maxPerPlayer": -1,
    "maxOfflineTime": -1
  }
}
