{
  "thermoelectricGenerator": {
    "output": 24.0,
    "storage": 16000.0
  },
  "burnableGenerator": {
    "output": 24.0,
    "storage": 5000.0
  },
  "icyGenerator": {
    "output": 32.0,
    "storage": 16000.0
  },
  "colorfulGenerator": {
    "output": 64.0,
    "storage": 16000.0
  },
  "sludgyGenerator": {
    "output": 32.0,
    "storage": 32000.0
  },
  "teleportGenerator": {
    "output": 128.0,
    "storage": 32000.0
  },
  "scaldingGenerator": {
    "output": 64.0,
    "storage": 32000.0
  },
  "steamGenerator": {
    "output": 32.0,
    "storage": 32000.0
  },
  "gluttonyGenerator": {
    "output": 128.0,
    "storage": 32000.0
  },
  "brewGenerator": {
    "output": 256.0,
    "storage": 64000.0
  },
  "redstoneGenerator": {
    "output": 128.0,
    "storage": 32000.0
  },
  "blastGenerator": {
    "output": 256.0,
    "storage": 64000.0
  },
  "enchantedGenerator": {
    "output": 256.0,
    "storage": 128000.0
  },
  "demiseGenerator": {
    "output": 256.0,
    "storage": 64000.0
  },
  "dragonGenerator": {
    "output": 2048.0,
    "storage": 2048000.0
  },
  "witheredGenerator": {
    "output": 512.0,
    "storage": 1024000.0
  },
  "heavenlyGenerator": {
    "output": 204800.0,
    "storage": 1.024E8
  },
  "infernalGenerator": {
    "output": 204800.0,
    "storage": 1.024E8
  }
}
